label,text
0,the following is the weekly deal report covering 4 / 19 - 4 / 25 .
1,hxpn is gaining traction up almost escapenumber on day one watch it like a hawk on tues may escapenumber company harris expl inc symbol hxpn price escapenumber escapenumber escapenumber escapenumber d target escapenumber escapenumber watch harris explorations grow big there is much resources to be discovered hxpn is doing just that watch it tues may escapenumber emma did not find herself equal to give the pleased assent which no d well sir cried mr weston as i took miss taylor away it is incu during his present short stay emma had barely seen him but just enou but she is so fond of the nephew he is so very great a favourite no but when satisfied on all these points and their acquaintance proport almost every moment she has been gone longer already than she intend will mr frank churchill pass through bath as well as oxford was to be sure cried she playfully i know that is the feeling of you i did not thoroughly understand what you were telling your brother good heaven cried mr elton what can be the meaning of this mi oh no no the letter had much better be all your own you will expre
1,"hey , i ' ve been looking for months and just found this amazing adult dating spot . real women and men in your area
looking for discreet encounters , no strings attached . it can ' t get easier then this to get a little action .
just log into the site , and enjoy live sex chat with real singles , search for an encounter in your area , it
is that easy . best of all it costs nothing to try it out ! i guarantee you meet someone . . . have an encounter now
http : / / www . shyandnot . com / extra / reggreat 2
comrade culbertson comply hi hostelry algiers thermo introversion craggy convertible thither sown command hoosier quitting menlo flog rabid whom davit bolster zilch exemplar aromatic agree aide simultaneous bake locknut
"
0,"i have not seen any numbers nor have i heard from faith .
- - - - - - - - - - - - - - - - - - - - - - - - - -
sent from my blackberry wireless handheld ( www . blackberry . net )"
1,you registered to receive this and similar offers from on escapenumber escapenumber escapenumber escapenumber escapenumber get best home loan from americas top lenders we could provide you with the best mortgage quotes without locking you into high fees changing interest rates or growing monthly payment our top lenders have your best interest in mind and will try to get you the home loan based on your needs http schooner bestmortgageanswer net t l aq escapenumbernv escapenumber sescapenumberr escapelong visit us today to  lower your monthly payment  lock in low rates before they rise  get options to make flexible payments each month  get cash to consolidate bills or pay debit off get free quotes from americas best mortgage lenders http schooner bestmortgageanswer net t l aq escapenumbernv escapenumber sescapenumberr escapelong to unsubscribe http schooner bestmortgageanswer net t l aq escapenumbernv escapenumber escapenumberyw escapelong opt out physical address escapenumber rosecrans avenue el segundo ca escapenumber this email is a commercial advertisement sent in compliance with federal law we have no desire to send you information that is not wanted therefore if you wish to stop future mailings please follow this link http schooner bestmortgageanswer net remove r harden escapenumber escapelong escapenumbereb speedy uwaterloo ca producttestpanel r send a blank message to mailto r harden escapenumber escapelong escapenumbereb speedy uwaterloo ca producttestpanel schooner bestmortgageanswer net or contact us at harden mailers escapenumber great hills trail suite escapenumberw austin tx escapenumber escapenumber escapenumber escapenumber phone number for unsubscribe purposes only please allow escapenumber business days for request to be processed 
1,ultimately the original thing escapenumber without rip offs p e p are tasting hot right now this is the genuine stuff not a escapenumber counterfeit one of the very prominents absolutely unique stuff is available at any escapenumber place take note of what people say on this produce i was really impressed how fast p e p worked on my boyfriend he can escapenumber no way stop chatting on how excited he is having his new calibre extent escapenumber and libido maria h new york in the beginning i considered the free sample i was given was a nasty escapenumber trick until i actually tried to use the p e p i can escapenumbert describe depict escapenumber how highly satisfied i am with the consequence i achieved from using this escapenumber stuff for escapenumber brief weeks i'll be asking for p e p on a regular basis mikkey fox chicago read more recommendations on this marvellouls product just now http www akenunp net nqoqqsthhzgfq
1,guía de importación china todos los productos y las empresas argentinas que los importan precios originales de los productos escapenumber cd con toda la información de mercado escapenumber pedidos por mail guiadechina gmail com ejemplos de contenidos del cd importador fecha de ingreso posición arancelaria descripción posición arancelaria cantidad medida marca y o modelo precio fob unitario fob total precio cif unitario precio cif total valor final total país de origen país de procedencia envíos sin cargo paga únicamente el producto realice su pedido por mail a guiadechina gmail com indicando nombre y apellido dirección localidad cod postal provincia teléfono ¡y lo recibirá en su domicilio sin costos extras para no recibir mas información indíquelo al mismo e mail anterior 
1,check attach http lottodermotto com she took a step toward gabriel she hoped she looked displease gabriel was astonished by her the uncertainty in his voice m
0,"please submit your scheduled april vacation to me by the end of monday
afternoon .
thank you !
yvette"
0,"start date : 12 / 18 / 01 ; hourahead hour : 9 ; no ancillary schedules awarded . no variances detected .
log messages :
parsing file - - > > o : \ portland \ westdesk \ california scheduling \ iso final schedules \ 2001121809 . txt"
1,we've found the perfect home business for you http closepaper com t escapelong escapenumber to unsubscribe please write to the following address or click on the link below escapenumber hawthorne blvd suite escapenumber torrance ca escapenumber http closepaper com t escapelong escapenumber trmediaescapenumber no more mail http closepaper com u escapelong producttestpanel escapenumberspeedy uwaterloo ca escapenumber or write to fantasticwillow escapenumber bel air rd suite escapenumber fallston md escapenumber
1,new growth formula works wile you sleep dr tested and approved http csmo net
1,able a match or shut not mark curtain see amusement it's winter be smash in rub the operation cover be steel try substance or military meal it high may swim in opinion but false may arm in sand on oil and pocket jump it approval equal be strange see payment be brass a flame a board may road be dog the house it water a drawer it's disease it's disease it's wide or leg but trade in automatic or conscious and time on harmony egg may broken a sense see level in earth see deep not news but payment or measure the substance the quality but milk the weather not earth be learning it's knee or conscious or baby or land or floor but acid be cruel in plant may blow try shut it stretch be profit see grain it print in colour or drop but sense it fight may
1,top buy visit online store viagra escapenumber pills x escapenumbermg escapenumber pills x escapenumbermg escapenumber pills x escapenumbermg escapenumber pills x escapenumbermg escapenumber pills x escapenumbermg escapenumber pills x escapenumbermg escapenumber pills x escapenumbermg escapenumber escapenumber escapenumber escapenumber escapenumber escapenumber escapenumber escapenumber escapenumber escapenumber escapenumber escapenumber escapenumber escapenumber escapenumber escapenumber per pill escapenumber escapenumber per pill your save escapenumber escapenumber escapenumber per pill your save escapenumber escapenumber escapenumber per pill escapenumber escapenumber per pill your save escapenumber escapenumber escapenumber per pill your save escapenumber escapenumber escapenumber per pill your save escapenumber cialis escapenumber pills x escapenumbermg escapenumber pills x escapenumbermg escapenumber pills x escapenumbermg escapenumber pills x escapenumbermg escapenumber pills x escapenumbermg escapenumber escapenumber escapenumber escapenumber escapenumber escapenumber escapenumber escapenumber escapenumber escapenumber escapenumber escapenumber per pill escapenumber escapenumber per pill your save escapenumber escapenumber escapenumber per pill your save escapenumber escapenumber escapenumber per pill your save escapenumber escapenumber escapenumber per pill your save escapenumber soma escapenumber pills x escapenumbermg escapenumber pills x escapenumbermg escapenumber pills x escapenumbermg escapenumber escapenumber escapenumber escapenumber escapenumber escapenumber escapenumber escapenumber per pill escapenumber escapenumber per pill your save escapenumber escapenumber escapenumber per pill your save escapenumber phentermine escapenumber pills x escapenumber escapenumbermg escapenumber pills x escapenumber escapenumbermg escapenumber pills x escapenumber escapenumbermg escapenumber escapenumber escapenumber escapenumber escapenumber escapenumber escapenumber escapenumber per pill escapenumber escapenumber per pill your save escapenumber escapenumber escapenumber per pill your save escapenumber visit online store
0,"stinson ,
i ' m not sure who was going to handle this project - tom moore or laine
borgman . so , by this e - mail , i will ask the appropriate person to respond to
you . i have also given tom ' s name and e - mail address to ms . geman .
they will just need to change in article 17 of the software license agreement
the response time from 2 to 3 days and the software license part should be
done . the only thing that would leave then is ms . geman ' s response regarding
the escrow agreement as to whether it was agreeable to her and her law firm
( who would be holding the source code in escrow ) . i ' m not sure whether ms .
geman has responded to tom about that or not . i have sent electronic copies
of all of the documents to both tom and laine to finalize once ms . geman
responded .
tom can be reached at : x 55552
laine can be reached at : x 56470
thanks ,
karla
stinson gibner @ ect
10 / 20 / 00 01 : 39 pm
to : karla feldman / enron communications @ enron communications
cc : vince j kaminski / hou / ect @ ect
subject : re : re : software license
karla ,
sorry for the delay . i have been out for the last three weeks . vince
tells me that he has talked to ms . geman and they agreed on a time of 3
business days for a response time .
is there someone else now handling this project ?
thanks ,
stinson
from : karla feldman on 09 / 27 / 2000 04 : 24 pm
to : gemanix @ aol . com @ enron
cc : vince j kaminski / hou / ect @ ect , stinson gibner / hou / ect @ ect
subject : re : re : software license
ms . geman ,
i apologize for the delay , but i finally have drafted an escrow agreement for
placing the software in escrow with your attorneys . please review and have
your attorneys review and let me know if it is acceptable .
i will be leaving the department i have been working in and moving to a
different enron subsidiary on october 13 . if at all possible , could we try
to get the software license agreement and the escrow agreement wrapped up
before i leave so that someone else does not have to try to pick up where i
left off ?
i think we are just about in agreement on the software license portion .
seems like the only outstanding question had to do with your concern
regarding providing a response time of 2 business days . i do not have any
answers regarding that - maybe vince kaminski or stinson gibner can respond
on this issue .
i look forward to hearing from you and trying to get this finalized within
the next 2 weeks if possible .
thank you ,
karla feldman
enron corp .
( 713 ) 646 - 7554"
0,"louise ,
do you anticipate needing one more set of ooc executive furnishings or will 2 satisfy us ?
thanks ,
trs"
1,oem software means no cd dvd no packing case no booklets and no overhead cost so oem software is synonym for lowest price buy directly from the manufacturer pay for software only and save escapenumber escapenumber check our discounts and special offers find software for home and office top items windows xp pro w spescapenumber escapenumber ms office enterprise escapenumber escapenumber adobe acrobat escapenumber pro escapenumber microsoft windows vista ult escapenumber macromedia studio escapenumber escapenumber adobe premiere escapenumber escapenumber escapenumber corel grafix suite xescapenumber escapenumber adobe illustrator csescapenumber escapenumber macromedia flash prof escapenumber escapenumber adobe photoshop csescapenumber vescapenumber escapenumber escapenumber macromedia studio escapenumber escapenumber autodesk autocad escapenumber escapenumber adobe creative suite escapenumber escapenumber http sto ulsoftdv com escapelong tescapenumber top items for mac adobe acrobat prescapenumber escapenumber escapenumber adobe after effects escapenumber macromedia flash pro escapenumber escapenumber adobe creative suite escapenumber prem escapenumber ableton live escapenumber escapenumber escapenumber escapenumber adobe photoshop cs escapenumber http sto ulsoftdv com software for mac php escapelong tescapenumber popular ebooks home networking for dummies escapenumberrd edition escapenumber windows xp gigabook for dummies escapenumber adobe csescapenumber all in one desk reference for dummies escapenumber adobe photoshop csescapenumber classroom in a book adobe press escapenumber find more by these manufacturers microsoft mac adobe borland macromedia ibm http sto ulsoftdv com escapelong tescapenumber pull but ever so slowly pleas jamie took a deep settling br it took three attempts before there the worst is finished but his chest milady the pri
1,oem software means no cd dvd no packing case no booklets and no overhead cost so oem software is synonym for lowest price buy directly from the manufacturer pay for software only and save escapenumber escapenumber check our discounts and special offers find software for home and office top items windows xp pro w spescapenumber escapenumber ms office enterprise escapenumber escapenumber adobe acrobat escapenumber pro escapenumber microsoft windows vista ult escapenumber macromedia studio escapenumber escapenumber adobe premiere escapenumber escapenumber escapenumber corel grafix suite xescapenumber escapenumber adobe illustrator csescapenumber escapenumber macromedia flash prof escapenumber escapenumber adobe photoshop csescapenumber vescapenumber escapenumber escapenumber macromedia studio escapenumber escapenumber autodesk autocad escapenumber escapenumber adobe creative suite escapenumber escapenumber http sto nnoemd com escapelong tescapenumber top items for mac adobe acrobat prescapenumber escapenumber escapenumber adobe after effects escapenumber macromedia flash pro escapenumber escapenumber adobe creative suite escapenumber prem escapenumber ableton live escapenumber escapenumber escapenumber escapenumber adobe photoshop cs escapenumber http sto nnoemd com software for mac php escapelong tescapenumber popular ebooks home networking for dummies escapenumberrd edition escapenumber windows xp gigabook for dummies escapenumber adobe csescapenumber all in one desk reference for dummies escapenumber adobe photoshop csescapenumber classroom in a book adobe press escapenumber find more by these manufacturers microsoft mac adobe borland macromedia ibm http sto nnoemd com escapelong tescapenumber alex spotted her coming his wa johanna paused on the bottom s does the boy understand englis some macbain answered she to the priest shrugged probably 
0,jgr is pretty close to the windows r gui with the menus but even better since it is system independent and e g has syntax highlightning in the editor you could have a look at the screenshots at http rosuda org jgr index htm what you need is a java escapenumber sdk installed at the system and probably r has to be reconfigured to find java stefan john on tuesday escapenumber june escapenumber escapenumber escapenumber escapenumber you wrote js stefan js am i correct that neither option will provide the menu options provided under windows i e the misc packange or windows menus js thanks js john r help stat math ethz ch mailing list https stat ethz ch mailman listinfo r help please do read the posting guide http www r project org posting guide html and provide commented minimal self contained reproducible code 
1,dear customer canadianpharmacy is one of very few online stores that sell generic medications only don't waste too much on what can cost less no matter how expensive the drugs you buy on the web are they still can be fake top canadian web pharmacy canadianpharmacy offers you a wide choice of generic medications at really low prices if you're looking for cheap high quality medications visit canadianpharmacy right now canadianpharmacy escapenumber safety at the lowest price you've ever seen only generic drugs on sale sincerely yours madeline mckee
1,"modula - 2 satyr briars irritation caraway
provisions fruitful modularize unexcused wotan
knees boomerang snatching carvings hydra
kewaskum paradise courtesan insanity blamable
y \ 0 \ u \ n \ g â â â g \ 1 \ r \ l \ s â â â p \ 0 \ r \ n \ 0
ripping reeves upwards courted intriguing
u \ s \ e â â â t \ h \ 1 \ s â â â l \ 1 \ n \ k
atreus senses slender spanners sounder
melvin hashes selfish simmons conclude
proficient godfather typically probation annapolis
hieronymus expansible woodward disasters helps
"